{"die": {"width": 1200, "height": 1000, "rows": 3, "columns": 5}, "street_width": 0, "care_areas": [{"top_left": {"x": 126, "y": 874}, "bottom_right": {"x": 564, "y": 580}}, {"top_left": {"x": 315, "y": 400}, "bottom_right": {"x": 807, "y": 145}}, {"top_left": {"x": 762, "y": 826}, "bottom_right": {"x": 1092, "y": 490}}], "exclusion_zones": [{"top_left": {"x": 363, "y": 790}, "bottom_right": {"x": 450, "y": 697}}, {"top_left": {"x": 405, "y": 313}, "bottom_right": {"x": 564, "y": 253}}, {"top_left": {"x": 900, "y": 736}, "bottom_right": {"x": 1020, "y": 580}}]}