{"die": {"width": 2000, "height": 1500, "rows": 5, "columns": 8}, "street_width": 0, "care_areas": [{"top_left": {"x": 8, "y": 1368}, "bottom_right": {"x": 836, "y": 616}}, {"top_left": {"x": 224, "y": 356}, "bottom_right": {"x": 904, "y": 88}}, {"top_left": {"x": 1336, "y": 1280}, "bottom_right": {"x": 1872, "y": 672}}, {"top_left": {"x": 1076, "y": 576}, "bottom_right": {"x": 1560, "y": 84}}], "exclusion_zones": [{"top_left": {"x": 368, "y": 1112}, "bottom_right": {"x": 560, "y": 892}}, {"top_left": {"x": 1548, "y": 1084}, "bottom_right": {"x": 1720, "y": 897}}, {"top_left": {"x": 268, "y": 320}, "bottom_right": {"x": 468, "y": 208}}, {"top_left": {"x": 1312, "y": 528}, "bottom_right": {"x": 1464, "y": 248}}]}